Product ID,Customer Count,Total Revenue
P08719,16,1275.9900000000007
P56063,17,1142.9300000000007
P41420,19,1298.7900000000009
P58928,17,971.1100000000007
P04501,18,1139.0300000000007
P55500,17,949.1100000000006
P86411,17,870.1200000000006
P14419,16,990.0200000000007
P20036,16,1250.9200000000008
P99613,15,1128.9800000000007
